,source,values,pvalues,target,source cell type,target cell type,CT
3938,ALCAM,0.4985927178905873,0.0,CHL1,Ependymal,NG2,2
974,AGT,0.22353325264063797,0.0,PRKCE,Ependymal,NG2,2
3126,ALCAM,1.4482675871190198,0.0,NRP1,Ependymal,Endothelial,2
981,PTN,0.3529827029380403,0.0,PTPRZ1,Ependymal,Endothelial,2
3309,AGT,0.20914674075242468,0.0,EDNRA,Ependymal,Endothelial,2
3049,AGT,0.6107003260507049,0.0,PLCB1,Ependymal,Astrocytes,2
1370,HBEGF,0.5284817576279662,0.0,PIK3CB,Ependymal,Astrocytes,2
501,HBEGF,0.7654876380018849,0.0,PIK3CA,Ependymal,Microglia,2
1370,HBEGF,0.5506006207064108,0.0,PIK3CB,Ependymal,Microglia,2
2365,HBEGF,0.5311313283154966,0.0,PIK3R3,Ependymal,Microglia,2
981,PTN,0.4231625844685944,0.0,PTPRZ1,Ependymal,Microglia,2
2299,AGT,0.27380800549635936,0.0,MAP3K7,Ependymal,Microglia,2
3860,PTN,0.25164841963479895,0.0,PTPRB,Ependymal,Microglia,2
3039,AGT,0.19922695292056677,0.0,MTOR,Ependymal,Microglia,2
3935,BCAN,0.2809938072659891,0.0,NRCAM,Ependymal,Oligodendrocytes,2
878,PTN,0.277127056415558,0.0,SDC3,Ependymal,Oligodendrocytes,2
3049,AGT,0.2535880534060243,0.0,PLCB1,Ependymal,Oligodendrocytes,2
3860,PTN,0.23830376726965172,0.001,PTPRB,Ependymal,Oligodendrocytes,2
3048,CXCL12,0.12344739414410194,0.189,PLCB1,Ependymal,Oligodendrocytes,2
824,FGF7,0.6117551049362764,0.0,IGF1R,Ependymal,Neurons2,2
3126,ALCAM,0.5642295210130769,0.0,NRP1,Ependymal,Neurons2,2
831,VEGFA,0.49942877746048964,0.0,IGF1R,Ependymal,Neurons2,2
981,PTN,0.3377774298389296,0.0,PTPRZ1,Ependymal,Neurons2,2
4246,NPY,0.29735143396601355,0.0,NPY6R,Ependymal,Neurons2,2
3113,FGF7,0.27615963600708127,0.0,NRP1,Ependymal,Neurons2,2
4512,CNTN2,0.22494571291464716,0.0,CNTNAP2,Ependymal,Neurons2,2
4019,ADM,0.19836316771433504,0.0,CALCR,Ependymal,Neurons2,2
3124,SEMA3E,0.19276692113925492,0.0,NRP1,Ependymal,Neurons2,2
3116,VEGFA,0.16383330853129452,0.009,NRP1,Ependymal,Neurons2,2
3125,CNTN2,0.15944017205790012,0.004,NRP1,Ependymal,Neurons2,2
3638,TYK2,0.047527367361576645,0.0,PRKD2,Ependymal,Neurons2,2
1585,PCNA,0.3182686866946631,0.0,DNMT1,NG2,Endothelial,2
1927,SPARC,1.871638336462413,0.0,MMP14,NG2,Astrocytes,2
3773,TGFB2,0.22674557219251915,0.0,PLAT,NG2,Oligodendrocytes,2
3049,AGT,0.16759208638960393,0.107,PLCB1,NG2,Oligodendrocytes,2
820,PDGFA,0.6079193339266395,0.0,IGF1R,NG2,Neurons2,2
1272,DUSP18,0.2957813822320552,0.0,ITGB8,NG2,Neurons2,2
3768,HHIP,0.07821649722424798,0.0,SHH,NG2,Neurons2,2
2679,WNT5A,0.399761079824581,0.613,RORA,Endothelial,Ependymal,2
1087,LAMB1,0.19676844449536224,0.0,ITGA6,Endothelial,Ependymal,2
2930,PF4,0.18668628658646924,0.0,ADRA2A,Endothelial,Ependymal,2
975,VEGFC,0.2828599755305672,0.0,PRKCE,Endothelial,NG2,2
1370,HBEGF,0.7394791904352964,0.0,PIK3CB,Endothelial,Astrocytes,2
2612,WNT5A,0.308100415852372,0.0,NLK,Endothelial,Astrocytes,2
3174,BMP4,0.2690258695664651,0.0,ACACA,Endothelial,Astrocytes,2
1370,HBEGF,0.761598053513741,0.0,PIK3CB,Endothelial,Microglia,2
2365,HBEGF,0.7421287611228268,0.0,PIK3R3,Endothelial,Microglia,2
4168,VEGFC,0.2598892938523066,0.0,LYVE1,Endothelial,Microglia,2
3719,NODAL,0.18129994293459417,0.0,ACVR2A,Endothelial,Microglia,2
1247,EFNB2,0.673159693377046,0.0,EPHB1,Endothelial,Oligodendrocytes,2
3047,CCL4,0.10917045532919405,0.903,PLCB1,Endothelial,Oligodendrocytes,2
3730,BMP4,0.09910488773023444,0.0,BMPR1A,Endothelial,Oligodendrocytes,2
876,FGF2,0.07689265601508549,0.0,SDC3,Endothelial,Oligodendrocytes,2
2679,WNT5A,1.7118291165425874,0.0,RORA,Endothelial,Neurons2,2
815,IGF2,0.8169595077264927,0.0,IGF1R,Endothelial,Neurons2,2
832,VEGFC,0.6954161489431601,0.0,IGF1R,Endothelial,Neurons2,2
831,VEGFA,0.5182767207460389,0.0,IGF1R,Endothelial,Neurons2,2
839,DCN,0.5180831881137172,0.0,IGF1R,Endothelial,Neurons2,2
823,FGF2,0.4909569274341219,0.0,IGF1R,Endothelial,Neurons2,2
1247,EFNB2,0.450649588057423,0.0,EPHB1,Endothelial,Neurons2,2
3852,EFNB2,0.3552172318239159,0.0,GRM5,Endothelial,Neurons2,2
1262,LAMB1,0.3531674538988137,0.0,ITGB8,Endothelial,Neurons2,2
2612,WNT5A,0.3171007070833628,0.0,NLK,Endothelial,Neurons2,2
1205,EFNB2,0.3013854239519449,0.0,GRM1,Endothelial,Neurons2,2
2078,CX3CL1,0.29110092250164926,0.0,CX3CR1,Endothelial,Neurons2,2
2116,DKK2,0.23750665118129793,0.0,LRP6,Endothelial,Neurons2,2
2099,WNT5A,0.2346302205530469,0.0,LRP6,Endothelial,Neurons2,2
1257,SPP1,0.23061551543315034,0.0,ITGB8,Endothelial,Neurons2,2
3116,VEGFA,0.18268125181684383,0.0,NRP1,Endothelial,Neurons2,2
3112,FGF2,0.15536145850492677,0.01,NRP1,Endothelial,Neurons2,2
2100,BMP4,0.15518217260370357,0.0,LRP6,Endothelial,Neurons2,2
2079,PF4,0.09961356736672419,0.0,CX3CR1,Endothelial,Neurons2,2
3730,BMP4,0.08180447982953183,0.021,BMPR1A,Endothelial,Neurons2,2
2754,SPP1,0.06304540241849864,0.0,MAP3K14,Endothelial,Neurons2,2
2038,OSM,0.30818512577455925,0.0,F3,Microglia,Ependymal,2
2905,CCL5,0.14619575474617724,0.0,ADRA2A,Microglia,Ependymal,2
3324,RSPO1,0.10276204254550919,0.0,LGR4,Microglia,Ependymal,2
1590,CCL5,0.2797885039225727,0.0,CX3CL1,Microglia,Endothelial,2
4099,APLN,0.16723244952506758,0.0,APLNR,Microglia,Endothelial,2
1923,CCL2,1.5358361673892174,0.0,MMP14,Microglia,Astrocytes,2
1245,EFNB3,0.5932256229910028,0.0,EPHB1,Microglia,Oligodendrocytes,2
3049,AGT,0.19048001488528576,0.137,PLCB1,Microglia,Oligodendrocytes,2
3048,CXCL12,0.15856450915815362,0.057,PLCB1,Microglia,Oligodendrocytes,2
3051,EDN1,0.13830636632353563,0.266,PLCB1,Microglia,Oligodendrocytes,2
885,ANGPTL4,0.07621862901330884,0.0,SDC3,Microglia,Oligodendrocytes,2
814,IGF1,0.4895981565965327,0.0,IGF1R,Microglia,Neurons2,2
831,VEGFA,0.48741598513824297,0.0,IGF1R,Microglia,Neurons2,2
1245,EFNB3,0.3707155176713798,0.539,EPHB1,Microglia,Neurons2,2
3116,VEGFA,0.15182051620904785,0.088,NRP1,Microglia,Neurons2,2
2104,RSPO1,0.15013213055510008,0.0,LRP6,Microglia,Neurons2,2
4504,S100A1,0.7098919868011788,0.0,TRPM3,Oligodendrocytes,Ependymal,2
807,SPARC,0.801922232759295,0.0,ERBB3,Oligodendrocytes,NG2,2
4055,AVP,0.28096471592208394,0.603,PTH1R,Oligodendrocytes,NG2,2
2653,AVP,0.20619398578641143,0.998,ADRB2,Oligodendrocytes,Endothelial,2
1927,SPARC,1.7586809587126597,0.0,MMP14,Oligodendrocytes,Astrocytes,2
4042,AVP,1.0983107057167618,0.0,GPR84,Oligodendrocytes,Microglia,2
3241,AVP,0.3165002574335209,0.04,PLAU,Oligodendrocytes,Microglia,2
2923,NMS,0.9148933455787459,0.0,ADRA2A,Neurons2,Ependymal,2
1232,EFNB3,0.5799147098492713,0.0,PAK1,Neurons2,Ependymal,2
3568,BDNF,0.2173498474429552,0.0,SIK1,Neurons2,Ependymal,2
213,DUSP18,0.21027673194413193,0.0,MAPK8,Neurons2,Ependymal,2
3623,SHH,0.11647438734314078,0.0,GAS1,Neurons2,Ependymal,2
3325,RSPO3,0.11442019511281559,0.0,LGR4,Neurons2,Ependymal,2
1298,TYK2,0.09595329995411339,0.0,EIF2AK2,Neurons2,Ependymal,2
208,BDNF,0.07995656354312533,0.0,MAPK8,Neurons2,Ependymal,2
2798,TYK2,0.058375032383153225,0.0,STAT6,Neurons2,Ependymal,2
3938,ALCAM,0.7160445917534942,0.0,CHL1,Neurons2,NG2,2
4275,SPON1,0.683805004706291,0.0,LRP8,Neurons2,NG2,2
3845,EFNB3,0.6132569960682843,0.0,EPHB3,Neurons2,NG2,2
347,EFNB3,0.6084988149182169,0.0,EPHA4,Neurons2,NG2,2
1245,EFNB3,0.5931319231435959,0.0,EPHB1,Neurons2,NG2,2
2116,DKK2,0.26668655269432034,0.0,LRP6,Neurons2,NG2,2
3622,SHH,0.07821649722424798,0.0,HHIP,Neurons2,NG2,2
3126,ALCAM,1.6657194609819266,0.0,NRP1,Neurons2,Endothelial,2
1232,EFNB3,0.5695068122695255,0.0,PAK1,Neurons2,Endothelial,2
2371,SFRP2,0.24279383563330334,0.0,WNT5A,Neurons2,Endothelial,2
1409,FGF14,0.21372004270279035,0.0,FGFR3,Neurons2,Endothelial,2
1579,FGF14,0.20017472563683128,0.0,PDGFRA,Neurons2,Endothelial,2
4350,FGF14,0.19126982576718493,0.0,SCN3A,Neurons2,Endothelial,2
1582,NRP1,0.1599891495013693,0.008,PDGFRA,Neurons2,Endothelial,2
1927,SPARC,1.3644274148689433,0.0,MMP14,Neurons2,Astrocytes,2
1232,EFNB3,0.5226172433865627,0.0,PAK1,Neurons2,Astrocytes,2
2354,EFNB3,0.7741048610651737,0.0,KRAS,Neurons2,Microglia,2
4265,RPH3A,0.37503233828247795,0.0,NRXN1,Neurons2,Microglia,2
3966,NXPH1,0.12271195612731024,0.011,NRXN3,Neurons2,Microglia,2
4268,NXPH1,0.1219297984337198,0.002,NRXN1,Neurons2,Microglia,2
2364,TYK2,0.05753046267067145,0.674,PIK3R3,Neurons2,Microglia,2
1245,EFNB3,1.0870234025725172,0.0,EPHB1,Neurons2,Oligodendrocytes,2
3773,TGFB2,0.22365356121895152,0.0,PLAT,Neurons2,Oligodendrocytes,2
3049,AGT,0.12472398516631472,0.861,PLCB1,Neurons2,Oligodendrocytes,2
4059,AVP,0.45294023769728176,1.0,PTH1R,Ependymal,NG2,10
974,AGT,0.3728100403070447,0.0,PRKCE,Ependymal,NG2,10
806,S100A4,0.23725795265965882,0.0,ERBB3,Ependymal,NG2,10
3901,OXT,0.17820884553949615,0.0,SLC12A5,Ependymal,NG2,10
4053,ADM,0.14341664513241043,0.0,PTH1R,Ependymal,NG2,10
2832,TYK2,0.1332484286396546,0.0,IFNAR2,Ependymal,NG2,10
3433,TYK2,0.11990721790283576,0.0,GHR,Ependymal,NG2,10
4521,S100A4,1.2129174032833925,0.0,PGLYRP1,Ependymal,Endothelial,10
3085,AGT,0.702252803307342,0.118,SGK1,Ependymal,Endothelial,10
3067,AGT,0.6619346256553525,0.0,PLCB1,Ependymal,Endothelial,10
2375,SFRP5,0.4919231521397951,0.0,WNT5A,Ependymal,Endothelial,10
3066,CXCL12,0.4671097791616371,0.0,PLCB1,Ependymal,Endothelial,10
2671,AVP,0.41670347095502663,1.0,ADRB2,Ependymal,Endothelial,10
4107,AGT,0.3779121470231279,0.0,HDAC2,Ependymal,Endothelial,10
3329,AGT,0.26736118758019084,0.0,EDNRA,Ependymal,Endothelial,10
3643,TYK2,0.17541345445818224,0.0,PRKD2,Ependymal,Endothelial,10
2665,ADM,0.10717987839015533,0.0,ADRB2,Ependymal,Endothelial,10
2281,SFRP5,1.1132483248821416,0.0,FZD2,Ependymal,Astrocytes,10
2515,COL6A5,1.110177208640311,0.0,ITGA9,Ependymal,Microglia,10
3261,AVP,0.6337622169486229,0.999,PLAU,Ependymal,Microglia,10
2307,PIK3IP1,0.5931251847970397,0.0,PIK3CA,Ependymal,Microglia,10
2289,SFRP5,0.45550166309749396,0.0,FZD4,Ependymal,Microglia,10
4034,AVP,0.3988184160678275,1.0,ADCYAP1R1,Ependymal,Microglia,10
3057,AGT,0.34469470493464704,0.0,MTOR,Ependymal,Microglia,10
3220,AGT,0.28880995084456496,0.0,SLC9A1,Ependymal,Microglia,10
2300,AGT,0.27369298223552707,0.0,MAP3K7,Ependymal,Microglia,10
4028,ADM,0.08929482350295613,0.0,ADCYAP1R1,Ependymal,Microglia,10
3085,AGT,2.0184945990427177,0.0,SGK1,Ependymal,Oligodendrocytes,10
3939,BCAN,0.33755134060455266,0.0,NRCAM,Ependymal,Oligodendrocytes,10
3067,AGT,0.3019829479454287,0.0,PLCB1,Ependymal,Oligodendrocytes,10
878,PTN,0.15144326903048239,0.84,SDC3,Ependymal,Oligodendrocytes,10
3066,CXCL12,0.10715810145171323,0.001,PLCB1,Ependymal,Oligodendrocytes,10
2771,ZFP91,0.5947065782874901,0.0,MAP3K14,Ependymal,Neurons2,10
824,FGF7,0.5310002112346577,0.0,IGF1R,Ependymal,Neurons2,10
2136,SFRP5,0.44597209374881575,0.0,FZD8,Ependymal,Neurons2,10
3993,AVP,0.4110357361854804,1.0,AVPR1A,Ependymal,Neurons2,10
3962,CXCL12,0.3655212434695013,0.0,ROCK1,Ependymal,Neurons2,10
981,PTN,0.2624223827888601,0.009,PTPRZ1,Ependymal,Neurons2,10
1613,AGT,0.23644666538798426,0.0,NOS3,Ependymal,Neurons2,10
4023,ADM,0.2319969780074064,0.0,CALCR,Ependymal,Neurons2,10
3142,SEMA3E,0.22419749895369534,0.0,NRP1,Ependymal,Neurons2,10
608,DUSP18,0.5009533282512624,0.0,ITGB1,NG2,Ependymal,10
578,VCAM1,0.49176588549219896,0.0,ITGB1,NG2,Ependymal,10
2483,COL26A1,0.4738796337325236,0.0,ITGB1,NG2,Ependymal,10
579,SEMA7A,0.4738760164984983,0.0,ITGB1,NG2,Ependymal,10
584,LGALS1,0.46321731974757663,0.0,ITGB1,NG2,Ependymal,10
286,DLL1,0.429705215686644,0.0,STAT3,NG2,Ependymal,10
518,FGFR3,0.35568470494992943,0.0,PIK3CA,NG2,Ependymal,10
504,PDGFA,0.3436267840434881,0.0,PIK3CA,NG2,Ependymal,10
311,FGFR3,0.32869472746612494,0.0,STAT3,NG2,Ependymal,10
303,PDGFA,0.3166368065596836,0.0,STAT3,NG2,Ependymal,10
524,AGT,0.3032576489386827,0.0,PIK3CA,NG2,Ependymal,10
494,GHR,0.29286345419822346,0.0,PIK3CA,NG2,Ependymal,10
314,AGT,0.2762676714548782,0.0,STAT3,NG2,Ependymal,10
511,EFNB2,0.2593464690567969,0.0,PIK3CA,NG2,Ependymal,10
493,NRG1,0.2583242782870397,0.0,PIK3CA,NG2,Ependymal,10
321,LGALS1,0.21828532652033278,0.0,STAT3,NG2,Ependymal,10
3342,NRG1,0.18544406749785722,0.0,LGR4,NG2,Ependymal,10
222,IFNAR2,0.1332484286396546,0.0,TYK2,NG2,Ependymal,10
216,GHR,0.11990721790283576,0.0,TYK2,NG2,Ependymal,10
213,DUSP18,0.09776427413698124,0.0,MAPK8,NG2,Ependymal,10
1234,EFNB2,0.09141390206215011,0.0,PAK1,NG2,Ependymal,10
199,NRG1,0.073077239916198,0.0,MAPK8,NG2,Ependymal,10
3085,AGT,0.5736114398476264,0.724,SGK1,NG2,Endothelial,10
3067,AGT,0.533293262195637,0.0,PLCB1,NG2,Endothelial,10
2671,AVP,0.38280078266568046,1.0,ADRB2,NG2,Endothelial,10
1585,PCNA,0.36150282639525566,0.0,DNMT1,NG2,Endothelial,10
1399,BMP2,0.1180973157124359,0.0,FGFR3,NG2,Endothelial,10
3521,BMP2,0.07118316470184867,0.0,CDH11,NG2,Endothelial,10
1234,EFNB2,0.06784121209081685,0.0,PAK1,NG2,Endothelial,10
2356,EFNB2,0.5915728761548715,0.0,KRAS,NG2,Microglia,10
4034,AVP,0.3649157277784813,1.0,ADCYAP1R1,NG2,Microglia,10
2297,TGFB2,0.12901700176135372,0.015,MAP3K7,NG2,Microglia,10
3085,AGT,1.8898532355830022,0.0,SGK1,NG2,Oligodendrocytes,10
1247,EFNB2,0.44762758574685496,0.0,EPHB1,NG2,Oligodendrocytes,10
3777,TGFB2,0.368450615323163,0.0,PLAT,NG2,Oligodendrocytes,10
3067,AGT,0.17334158448571318,0.218,PLCB1,NG2,Oligodendrocytes,10
3732,BMP2,0.08764107783212943,0.0,BMPR1A,NG2,Oligodendrocytes,10
3856,EFNB2,0.07010787202030236,1.0,GRM5,NG2,Oligodendrocytes,10
820,PDGFA,0.5413195766145383,0.0,IGF1R,NG2,Neurons2,10
3625,CD70,0.27373877612093084,0.0,GPRC5B,NG2,Neurons2,10
1272,DUSP18,0.24759897454852994,0.0,ITGB8,NG2,Neurons2,10
3856,EFNB2,0.23981329763482168,0.0,GRM5,NG2,Neurons2,10
1739,NRG1,0.18458313151742337,0.0,AR,NG2,Neurons2,10
1247,EFNB2,0.18029865345068563,0.129,EPHB1,NG2,Neurons2,10
1205,EFNB2,0.16639824418616808,0.0,GRM1,NG2,Neurons2,10
216,GHR,0.10538272296151316,0.0,TYK2,NG2,Neurons2,10
3772,HHIP,0.1032319943956179,0.0,SHH,NG2,Neurons2,10
1399,BMP2,0.08063767776048578,0.0,FGFR3,NG2,Neurons2,10
2068,CCL25,0.0715259390662849,0.0,CX3CR1,NG2,Neurons2,10
3732,BMP2,0.06822996207581113,0.001,BMPR1A,NG2,Neurons2,10
3881,EDN3,1.2620648518308184,0.0,EDNRB,Endothelial,Ependymal,10
578,VCAM1,0.6748172803426582,0.0,ITGB1,Endothelial,Ependymal,10
597,JAM3,0.670583057401962,0.0,ITGB1,Endothelial,Ependymal,10
581,SPP1,0.5270570637627774,0.0,ITGB1,Endothelial,Ependymal,10
572,VEGFC,0.5060962116055395,0.0,ITGB1,Endothelial,Ependymal,10
2482,COL27A1,0.4908355124220976,0.0,ITGB1,Endothelial,Ependymal,10
589,LAMB1,0.4740469225601317,0.0,ITGB1,Endothelial,Ependymal,10
2697,WNT5A,0.4388960207155509,0.999,RORA,Endothelial,Ependymal,10
524,AGT,0.3392313057608078,0.0,PIK3CA,Endothelial,Ependymal,10
314,AGT,0.3122413282770033,0.0,STAT3,Endothelial,Ependymal,10
518,FGFR3,0.3091395455283408,0.0,PIK3CA,Endothelial,Ependymal,10
526,VEGFC,0.2881541958621001,0.0,PIK3CA,Endothelial,Ependymal,10
533,NTN1,0.2855441611412579,0.0,PIK3CA,Endothelial,Ependymal,10
511,EFNB2,0.28302262222200125,0.0,PIK3CA,Endothelial,Ependymal,10
311,FGFR3,0.2821495680445363,0.0,STAT3,Endothelial,Ependymal,10
537,LAMB1,0.25610490681669235,0.0,PIK3CA,Endothelial,Ependymal,10
4235,NTS,0.22563137097956326,0.0,NTSR2,Endothelial,Ependymal,10
1234,EFNB2,0.11509005522735444,0.0,PAK1,Endothelial,Ependymal,10
4372,SEMA3G,0.5889415282543666,0.0,PLXNA3,Endothelial,NG2,10
3896,SEMA3G,0.5358874847682923,0.0,NRP2,Endothelial,NG2,10
4374,SEMA3G,0.5144921792195833,0.0,PLXNA4,Endothelial,NG2,10
4059,AVP,0.429890666866561,1.0,PTH1R,Endothelial,NG2,10
2099,WNT5A,0.2882990749080607,0.0,LRP6,Endothelial,NG2,10
975,VEGFC,0.22906522377074662,0.0,PRKCE,Endothelial,NG2,10
3945,FGFR3,0.1368987386506833,0.0,DYRK1A,Endothelial,NG2,10
1880,VEGFC,0.10278886709414178,0.0,FLT1,Endothelial,NG2,10
2270,WNT5A,0.7917869078023952,0.0,FZD2,Endothelial,Astrocytes,10
3881,EDN3,0.802295545327703,0.0,EDNRB,Endothelial,Microglia,10
427,ICAM1,0.6551783695569466,0.0,PLCG2,Endothelial,Microglia,10
2356,EFNB2,0.6152490293200759,0.0,KRAS,Endothelial,Microglia,10
3261,AVP,0.6107126461179022,0.988,PLAU,Endothelial,Microglia,10
4034,AVP,0.37576884523710674,1.0,ADCYAP1R1,Endothelial,Microglia,10
3085,AGT,1.9258268924051274,0.0,SGK1,Endothelial,Oligodendrocytes,10
1247,EFNB2,0.47130373891205934,0.0,EPHB1,Endothelial,Oligodendrocytes,10
4418,NTN1,0.21137070659815066,0.0,TRIO,Endothelial,Oligodendrocytes,10
3067,AGT,0.2093152413078383,0.022,PLCB1,Endothelial,Oligodendrocytes,10
3881,EDN3,0.8098870972810517,0.0,EDNRB,Endothelial,Neurons2,10
832,VEGFC,0.48584698843315044,0.0,IGF1R,Endothelial,Neurons2,10
839,DCN,0.4629148817608191,0.0,IGF1R,Endothelial,Neurons2,10
2630,WNT5A,0.2870175913070155,0.0,NLK,Endothelial,Neurons2,10
1257,SPP1,0.27370271006004504,0.0,ITGB8,Endothelial,Neurons2,10
3856,EFNB2,0.263489450800026,0.0,GRM5,Endothelial,Neurons2,10
3527,VEGFC,0.26247485611302823,0.0,PRKCB,Endothelial,Neurons2,10
1262,LAMB1,0.22069256885739932,0.0,ITGB8,Endothelial,Neurons2,10
1205,EFNB2,0.19007439735137244,0.0,GRM1,Endothelial,Neurons2,10
2099,WNT5A,0.18844966932675428,0.0,LRP6,Endothelial,Neurons2,10
2078,CX3CL1,0.1761211332174294,0.0,CX3CR1,Endothelial,Neurons2,10
2116,DKK2,0.17516568056263454,0.0,LRP6,Endothelial,Neurons2,10
2772,SPP1,0.1442187116509993,0.0,MAP3K14,Endothelial,Neurons2,10
2838,FGFR3,0.12812287782563891,0.0,FGF9,Endothelial,Neurons2,10
2123,WNT5A,0.12451067666906934,0.0,FZD8,Endothelial,Neurons2,10
4235,NTS,0.12382233742950718,0.008,NTSR2,Endothelial,Neurons2,10
1610,FGFR3,0.1136871985179268,0.001,NOS3,Endothelial,Neurons2,10
1615,VEGFC,0.0927018488516862,0.0,NOS3,Endothelial,Neurons2,10
2079,PF4,0.07091347651232713,0.0,CX3CR1,Endothelial,Neurons2,10
2375,SFRP5,0.9155296717090108,0.0,WNT5A,Astrocytes,Endothelial,10
2289,SFRP5,0.8791081826667098,0.0,FZD4,Astrocytes,Microglia,10
2136,SFRP5,0.8695786133180315,0.0,FZD8,Astrocytes,Neurons2,10
3880,EDN1,0.608366762663161,0.0,EDNRB,Microglia,Ependymal,10
593,LGALS3BP,0.527157493140328,0.0,ITGB1,Microglia,Ependymal,10
581,SPP1,0.5068042337812407,0.0,ITGB1,Microglia,Ependymal,10
584,LGALS1,0.5008360172939011,0.0,ITGB1,Microglia,Ependymal,10
570,CXCL12,0.49869280229611,0.0,ITGB1,Microglia,Ependymal,10
575,VTN,0.4810688259973691,0.0,ITGB1,Microglia,Ependymal,10
578,VCAM1,0.48097840177760187,0.0,ITGB1,Microglia,Ependymal,10
571,VEGFA,0.4779671070039551,0.0,ITGB1,Microglia,Ependymal,10
1583,VEGFA,0.4427398466256706,0.0,MCL1,Microglia,Ependymal,10
2038,OSM,0.43785988591178665,0.0,F3,Microglia,Ependymal,10
524,AGT,0.28087794539884464,0.003,PIK3CA,Microglia,Ependymal,10
523,CXCL12,0.2807507865526707,0.0,PIK3CA,Microglia,Ependymal,10
525,VEGFA,0.26002509126051576,0.0,PIK3CA,Microglia,Ependymal,10
2040,VIP,0.2585736545983537,0.006,F3,Microglia,Ependymal,10
488,IGF1,0.2570432627525928,0.0,PIK3CA,Microglia,Ependymal,10
321,LGALS1,0.2559040240666573,0.0,STAT3,Microglia,Ependymal,10
314,AGT,0.25388796791504015,0.005,STAT3,Microglia,Ependymal,10
313,CXCL12,0.2537608090688662,0.0,STAT3,Microglia,Ependymal,10
287,IGF1,0.23005328526878832,0.0,STAT3,Microglia,Ependymal,10
4171,VEGFA,0.1396742983426137,0.0,AKT3,Microglia,Ependymal,10
1232,EFNB3,0.0828189236875608,0.0,PAK1,Microglia,Ependymal,10
4059,AVP,0.5359144464209176,0.991,PTH1R,Microglia,NG2,10
1245,EFNB3,0.11092108787237953,0.92,EPHB1,Microglia,NG2,10
2903,VTN,0.7650445564772731,0.0,HSP90AA1,Microglia,Endothelial,10
3085,AGT,0.5512317363077884,0.796,SGK1,Microglia,Endothelial,10
3069,EDN1,0.5319822678930339,0.0,PLCB1,Microglia,Endothelial,10
3067,AGT,0.510913558655799,0.0,PLCB1,Microglia,Endothelial,10
3066,CXCL12,0.510786399809625,0.0,PLCB1,Microglia,Endothelial,10
2671,AVP,0.4996776796786624,0.998,ADRB2,Microglia,Endothelial,10
1590,CCL5,0.19967614871718956,0.0,CX3CL1,Microglia,Endothelial,10
1232,EFNB3,0.059246233716227545,0.032,PAK1,Microglia,Endothelial,10
3085,AGT,1.8674735320431644,0.0,SGK1,Microglia,Oligodendrocytes,10
1245,EFNB3,0.4390326073722657,0.0,EPHB1,Microglia,Oligodendrocytes,10
3069,EDN1,0.17203059018311012,0.021,PLCB1,Microglia,Oligodendrocytes,10
3067,AGT,0.15096188094587515,0.482,PLCB1,Microglia,Oligodendrocytes,10
3066,CXCL12,0.1508347220997012,0.0,PLCB1,Microglia,Oligodendrocytes,10
831,VEGFA,0.45771788383156603,0.0,IGF1R,Microglia,Neurons2,10
814,IGF1,0.4547360553236431,0.0,IGF1R,Microglia,Neurons2,10
3962,CXCL12,0.40919786411748926,0.0,ROCK1,Microglia,Neurons2,10
4163,EDN1,0.26648342150381243,0.0,ADCY2,Microglia,Neurons2,10
1257,SPP1,0.2534498800785083,0.0,ITGB8,Microglia,Neurons2,10
1746,VIP,0.1910964280513707,0.109,AR,Microglia,Neurons2,10
3134,VEGFA,0.1804140676222803,0.0,NRP1,Microglia,Neurons2,10
1245,EFNB3,0.17170367507609632,0.243,EPHB1,Microglia,Neurons2,10
531,VCL,0.2744309502135955,0.0,PIK3CA,Oligodendrocytes,Ependymal,10
807,SPARC,0.7831388803923643,0.0,ERBB3,Oligodendrocytes,NG2,10
4059,AVP,0.42150358323396464,1.0,PTH1R,Oligodendrocytes,NG2,10
4279,SPON1,0.14841823044296135,0.725,LRP8,Oligodendrocytes,NG2,10
2671,AVP,0.3852668164917095,1.0,ADRB2,Oligodendrocytes,Endothelial,10
3261,AVP,0.6023255624853058,1.0,PLAU,Oligodendrocytes,Microglia,10
4034,AVP,0.36738176160451036,1.0,ADCYAP1R1,Oligodendrocytes,Microglia,10
3993,AVP,0.3795990817221633,1.0,AVPR1A,Oligodendrocytes,Neurons2,10
608,DUSP18,0.5061883347880258,0.0,ITGB1,Neurons2,Ependymal,10
3970,NXPH1,0.472525833277215,0.0,NRXN3,Neurons2,Ependymal,10
521,BDNF,0.37171127582730795,0.0,PIK3CA,Neurons2,Ependymal,10
312,BDNF,0.34472129834350346,0.0,STAT3,Neurons2,Ependymal,10
524,AGT,0.3428859632680674,0.0,PIK3CA,Neurons2,Ependymal,10
3574,BDNF,0.32893256886326716,0.0,SIK1,Neurons2,Ependymal,10
530,FGF14,0.324264747588692,0.0,PIK3CA,Neurons2,Ependymal,10
314,AGT,0.3158959857842629,0.0,STAT3,Neurons2,Ependymal,10
518,FGFR3,0.2716799075763906,0.0,PIK3CA,Neurons2,Ependymal,10
509,FGF9,0.253869644506411,0.0,PIK3CA,Neurons2,Ependymal,10
499,TYK2,0.2474055809724025,0.0,PIK3CA,Neurons2,Ependymal,10
311,FGFR3,0.24468993009258613,0.0,STAT3,Neurons2,Ependymal,10
296,TYK2,0.220415603488598,0.0,STAT3,Neurons2,Ependymal,10
2041,SST,0.21348534086369017,0.0,F3,Neurons2,Ependymal,10
2928,AGT,0.20927625780521658,0.0,ADRA2A,Neurons2,Ependymal,10
3345,RSPO3,0.19844322709846374,0.0,LGR4,Neurons2,Ependymal,10
208,BDNF,0.18646423745646623,0.0,MAPK8,Neurons2,Ependymal,10
2942,NMU,0.14220287929514075,0.0,ADRA2A,Neurons2,Ependymal,10
213,DUSP18,0.1029992806737447,0.0,MAPK8,Neurons2,Ependymal,10
2816,TYK2,0.08881353692854,0.0,STAT6,Neurons2,Ependymal,10
1298,TYK2,0.05097004953259375,0.0,EIF2AK2,Neurons2,Ependymal,10
3942,ALCAM,0.8070961461419109,0.0,CHL1,Neurons2,NG2,10
4279,SPON1,0.6273619329789928,0.0,LRP8,Neurons2,NG2,10
2116,DKK2,0.30156500031694533,0.0,LRP6,Neurons2,NG2,10
974,AGT,0.28379699117671386,0.0,PRKCE,Neurons2,NG2,10
2105,RSPO3,0.2569484891611263,0.0,LRP6,Neurons2,NG2,10
2114,WNT3,0.24990535167536843,0.0,LRP6,Neurons2,NG2,10
2109,FZD8,0.2423480165170814,0.0,LRP6,Neurons2,NG2,10
1655,BDNF,0.196767290069977,0.0,CDK1,Neurons2,NG2,10
3901,OXT,0.13275826563122245,0.0,SLC12A5,Neurons2,NG2,10
3433,TYK2,0.10538272296151316,0.0,GHR,Neurons2,NG2,10
3628,SHH,0.1032319943956179,0.0,HHIP,Neurons2,NG2,10
3945,FGFR3,0.09943910069873317,0.0,DYRK1A,Neurons2,NG2,10
3085,AGT,0.6132397541770112,0.503,SGK1,Neurons2,Endothelial,10
3067,AGT,0.5729215765250217,0.0,PLCB1,Neurons2,Endothelial,10
4107,AGT,0.2888990978927971,0.0,HDAC2,Neurons2,Endothelial,10
2372,SFRP2,0.21545965856724092,0.0,WNT5A,Neurons2,Endothelial,10
1409,FGF14,0.19851798090791994,0.0,FGFR3,Neurons2,Endothelial,10
3329,AGT,0.17834813844986003,0.0,EDNRA,Neurons2,Endothelial,10
1582,NRP1,0.17285663956751296,0.0,PDGFRA,Neurons2,Endothelial,10
3643,TYK2,0.16088895951685966,0.0,PRKD2,Neurons2,Endothelial,10
1579,FGF14,0.14184609858532762,0.0,PDGFRA,Neurons2,Endothelial,10
1403,FGF9,0.12812287782563891,0.0,FGFR3,Neurons2,Endothelial,10
1569,FGF9,0.0714509955030466,0.0,PDGFRA,Neurons2,Endothelial,10
2269,SFRP2,0.8367848313095876,0.0,FZD2,Neurons2,Astrocytes,10
2280,WNT3,0.753393184569703,0.0,FZD2,Neurons2,Astrocytes,10
333,BDNF,0.38605533581844886,0.0,NTRK2,Neurons2,Microglia,10
3057,AGT,0.25568165580431623,0.0,MTOR,Neurons2,Microglia,10
3220,AGT,0.19979690171423412,0.0,SLC9A1,Neurons2,Microglia,10
2399,S100B,0.1996783147402389,0.0,MAP3K5,Neurons2,Microglia,10
3311,BDNF,0.19595152337367117,0.0,MAPK9,Neurons2,Microglia,10
2300,AGT,0.18467993310519626,0.0,MAP3K7,Neurons2,Microglia,10
2283,SFRP2,0.17903816952493978,0.0,FZD4,Neurons2,Microglia,10
4272,NXPH1,0.14579821335662568,0.0,NRXN1,Neurons2,Microglia,10
3970,NXPH1,0.13500798791891638,0.143,NRXN3,Neurons2,Microglia,10
2297,TGFB2,0.1164360454810664,0.004,MAP3K7,Neurons2,Microglia,10
3564,TGFB2,0.10069179304910607,0.042,ACVR1,Neurons2,Microglia,10
2261,WNT3,0.09564652278505523,0.0,FZD4,Neurons2,Microglia,10
3085,AGT,1.929481549912387,0.0,SGK1,Neurons2,Oligodendrocytes,10
3777,TGFB2,0.35586965904287565,0.0,PLAT,Neurons2,Oligodendrocytes,10
3067,AGT,0.2129698988150979,0.0,PLCB1,Neurons2,Oligodendrocytes,10
3112,KMT2E,0.7017499860167475,0.0,RARA,Ependymal,NG2,14
1402,FGF7,0.4184014985079878,0.0,FGFR3,Ependymal,NG2,14
806,S100A4,0.30802049730877606,0.0,ERBB3,Ependymal,NG2,14
4056,AVP,0.19262547328071075,1.0,PTH1R,Ependymal,NG2,14
3536,INHBA,0.058914445716556685,0.0,TGFBR3,Ependymal,NG2,14
3430,TYK2,0.05866821084457065,0.0,GHR,Ependymal,NG2,14
2374,SFRP5,0.7179041652958144,0.0,WNT5A,Ependymal,Endothelial,14
3084,AGT,0.5185189411099673,0.995,SGK1,Ependymal,Endothelial,14
3640,TYK2,0.44363359160554117,0.0,PRKD2,Ependymal,Endothelial,14
1402,FGF7,0.3101560931602743,0.0,FGFR3,Ependymal,Endothelial,14
1568,FGF7,0.2703447065574781,0.0,PDGFRA,Ependymal,Endothelial,14
3326,AGT,0.1784743437192764,0.0,EDNRA,Ependymal,Endothelial,14
2670,AVP,0.17202703095530278,1.0,ADRB2,Ependymal,Endothelial,14
2664,ADM,0.10422792330817689,0.0,ADRB2,Ependymal,Endothelial,14
2306,PIK3IP1,0.48852593194941174,0.0,PIK3CA,Ependymal,Microglia,14
508,FGF7,0.40900766958789625,0.0,PIK3CA,Ependymal,Microglia,14
3255,FGF7,0.33573001031194377,0.0,PLAU,Ependymal,Microglia,14
4002,AVP,0.12302837262182809,1.0,RAMP2,Ependymal,Microglia,14
3717,INHBA,0.06565390558155246,0.0,ACVR2A,Ependymal,Microglia,14
3084,AGT,1.611018701058326,0.0,SGK1,Ependymal,Oligodendrocytes,14
1402,FGF7,0.24648539310850293,0.0,FGFR3,Ependymal,Oligodendrocytes,14
3066,AGT,0.21587950328840783,0.0,PLCB1,Ependymal,Oligodendrocytes,14
3065,CXCL12,0.123834948364867,0.045,PLCB1,Ependymal,Oligodendrocytes,14
2136,SFRP5,0.7054492958930229,0.0,FZD8,Ependymal,Neurons2,14
824,FGF7,0.579099552582422,0.0,IGF1R,Ependymal,Neurons2,14
3990,AVP,0.49284909047209885,0.001,AVPR1A,Ependymal,Neurons2,14
3894,SEMA3E,0.4455212772463445,0.0,NRP2,Ependymal,Neurons2,14
3143,ALCAM,0.4341342961419896,0.0,NRP1,Ependymal,Neurons2,14
3988,CXCL12,0.42471142051833183,0.0,AVPR1A,Ependymal,Neurons2,14
3885,VEGFA,0.401289002950148,0.0,NRP2,Ependymal,Neurons2,14
831,VEGFA,0.39076152184263585,0.0,IGF1R,Ependymal,Neurons2,14
3130,FGF7,0.318518825810691,0.0,NRP1,Ependymal,Neurons2,14
1402,FGF7,0.25413827776812337,0.0,FGFR3,Ependymal,Neurons2,14
1568,FGF7,0.24622282643728424,0.0,PDGFRA,Ependymal,Neurons2,14
4513,CNTN2,0.21419404355660282,0.0,CNTNAP2,Ependymal,Neurons2,14
3141,SEMA3E,0.17441306936710138,0.0,NRP1,Ependymal,Neurons2,14
3142,CNTN2,0.11663077929797702,0.0,NRP1,Ependymal,Neurons2,14
3710,FST,0.0783058095029153,0.0,BMPR1B,Ependymal,Neurons2,14
3640,TYK2,0.07197022344175871,0.111,PRKD2,Ependymal,Neurons2,14
578,VCAM1,0.49960839289683157,0.0,ITGB1,NG2,Ependymal,14
608,DUSP18,0.4870802413705421,0.0,ITGB1,NG2,Ependymal,14
579,SEMA7A,0.46591491260724305,0.0,ITGB1,NG2,Ependymal,14
570,CXCL12,0.4556130667960619,0.0,ITGB1,NG2,Ependymal,14
504,PDGFA,0.45471683542293806,0.0,PIK3CA,NG2,Ependymal,14
518,FGFR3,0.4444749533997733,0.0,PIK3CA,NG2,Ependymal,14
303,PDGFA,0.3955636859550361,0.0,STAT3,NG2,Ependymal,14
311,FGFR3,0.3853218039318713,0.0,STAT3,NG2,Ependymal,14
524,AGT,0.33962557117504377,0.0,PIK3CA,NG2,Ependymal,14
493,NRG1,0.3384858634379939,0.0,PIK3CA,NG2,Ependymal,14
523,CXCL12,0.2851689361282303,0.0,PIK3CA,NG2,Ependymal,14
314,AGT,0.2804724217071418,0.0,STAT3,NG2,Ependymal,14
494,GHR,0.27699355496885203,0.0,PIK3CA,NG2,Ependymal,14
313,CXCL12,0.2260157866603284,0.0,STAT3,NG2,Ependymal,14
3339,NRG1,0.21363644751004082,0.0,LGR4,NG2,Ependymal,14
216,GHR,0.05866821084457065,0.0,TYK2,NG2,Ependymal,14
3084,AGT,0.4902818959692686,1.0,SGK1,NG2,Endothelial,14
2670,AVP,0.20112086483658592,0.999,ADRB2,NG2,Endothelial,14
3326,AGT,0.15023729857857768,0.0,EDNRA,NG2,Endothelial,14
1399,BMP2,0.11129150426484519,0.0,FGFR3,NG2,Endothelial,14
3518,BMP2,0.08479962452338181,0.0,CDH11,NG2,Endothelial,14
3084,AGT,1.582781655917627,0.0,SGK1,NG2,Oligodendrocytes,14
3774,TGFB2,0.38226846949555426,0.0,PLAT,NG2,Oligodendrocytes,14
3066,AGT,0.18764245814770913,0.014,PLCB1,NG2,Oligodendrocytes,14
3729,BMP2,0.13762646325058855,0.0,BMPR1A,NG2,Oligodendrocytes,14
3065,CXCL12,0.13318582310089566,0.004,PLCB1,NG2,Oligodendrocytes,14
820,PDGFA,0.5533075561212294,0.0,IGF1R,NG2,Neurons2,14
3990,AVP,0.521942924353382,0.0,AVPR1A,NG2,Neurons2,14
3988,CXCL12,0.43406229525436046,0.0,AVPR1A,NG2,Neurons2,14
1272,DUSP18,0.255522447284459,0.0,ITGB8,NG2,Neurons2,14
3622,CD70,0.21809969397583084,0.0,GPRC5B,NG2,Neurons2,14
216,GHR,0.07777852994263272,0.0,TYK2,NG2,Neurons2,14
1399,BMP2,0.05527368887269428,0.169,FGFR3,NG2,Neurons2,14
597,JAM3,0.5912582907287616,0.0,ITGB1,Endothelial,Ependymal,14
572,VEGFC,0.5264306763308535,0.0,ITGB1,Endothelial,Ependymal,14
581,SPP1,0.4831973830190617,0.0,ITGB1,Endothelial,Ependymal,14
2481,COL27A1,0.4693682912283464,0.0,ITGB1,Endothelial,Ependymal,14
589,LAMB1,0.46508459186040174,0.0,ITGB1,Endothelial,Ependymal,14
524,AGT,0.3769577307501664,0.0,PIK3CA,Endothelial,Ependymal,14
511,EFNB2,0.3587696932020472,0.0,PIK3CA,Endothelial,Ependymal,14
526,VEGFC,0.3559865456630219,0.0,PIK3CA,Endothelial,Ependymal,14
518,FGFR3,0.3362295480520598,0.0,PIK3CA,Endothelial,Ependymal,14
314,AGT,0.3178045812822645,0.0,STAT3,Endothelial,Ependymal,14
533,NTN1,0.30384927209610313,0.0,PIK3CA,Endothelial,Ependymal,14
537,LAMB1,0.29464046119257015,0.0,PIK3CA,Endothelial,Ependymal,14
311,FGFR3,0.2770763985841579,0.0,STAT3,Endothelial,Ependymal,14
3191,BMP4,0.08767664987017397,0.0,ACACA,Endothelial,NG2,14
3878,EDN3,0.9743367062719877,0.0,EDNRB,Endothelial,Microglia,14
3719,BMP4,0.05531441058899597,0.0,ACVR2A,Endothelial,Microglia,14
3084,AGT,1.62011381549275,0.0,SGK1,Endothelial,Oligodendrocytes,14
1247,EFNB2,0.5352739207316604,0.0,EPHB1,Endothelial,Oligodendrocytes,14
3066,AGT,0.22497461772283178,0.0,PLCB1,Endothelial,Oligodendrocytes,14
3732,BMP4,0.12981705409355948,0.0,BMPR1A,Endothelial,Oligodendrocytes,14
3878,EDN3,0.934442010803349,0.0,EDNRB,Endothelial,Neurons2,14
483,VEGFC,0.7074632657682906,0.0,PRKCA,Endothelial,Neurons2,14
3990,AVP,0.5422545616582136,0.0,AVPR1A,Endothelial,Neurons2,14
3886,VEGFC,0.4651047474688254,0.0,NRP2,Endothelial,Neurons2,14
3989,OXT,0.4354613937496775,0.0,AVPR1A,Endothelial,Neurons2,14
3524,VEGFC,0.2934081310211432,0.0,PRKCB,Endothelial,Neurons2,14
1257,SPP1,0.25163958893297855,0.0,ITGB8,Endothelial,Neurons2,14
1262,LAMB1,0.23352679777431865,0.0,ITGB8,Endothelial,Neurons2,14
2837,FGFR3,0.1711545875463769,0.0,FGF9,Endothelial,Neurons2,14
2116,DKK2,0.1551111176279835,0.0,LRP6,Endothelial,Neurons2,14
2100,BMP4,0.10454775282908914,0.0,LRP6,Endothelial,Neurons2,14
4232,NTS,0.10197676185271395,0.0,NTSR2,Endothelial,Neurons2,14
3732,BMP4,0.09444671492828424,0.058,BMPR1A,Endothelial,Neurons2,14
3705,BMP4,0.052715237760604945,0.0,BMPR1B,Endothelial,Neurons2,14
4530,LGI1,0.8648721995278086,0.0,RTN4R,Astrocytes,Ependymal,14
2374,SFRP5,1.1170341592565978,0.0,WNT5A,Astrocytes,Endothelial,14
1003,LGI1,0.902617602265455,0.0,RAF1,Astrocytes,Microglia,14
2136,SFRP5,1.1045792898538065,0.0,FZD8,Astrocytes,Neurons2,14
578,VCAM1,0.5031521889535961,0.0,ITGB1,Microglia,Ependymal,14
570,CXCL12,0.4526926488879991,0.0,ITGB1,Microglia,Ependymal,14
524,AGT,0.40408207668842516,0.0,PIK3CA,Microglia,Ependymal,14
314,AGT,0.34492892722052326,0.0,STAT3,Microglia,Ependymal,14
523,CXCL12,0.2822485182201675,0.0,PIK3CA,Microglia,Ependymal,14
313,CXCL12,0.22309536875226554,0.0,STAT3,Microglia,Ependymal,14
3084,AGT,0.55473840148265,0.968,SGK1,Microglia,Endothelial,14
2672,VIP,0.11516538706844479,0.084,ADRB2,Microglia,Endothelial,14
3084,AGT,1.6472381614310085,0.0,SGK1,Microglia,Oligodendrocytes,14
1245,EFNB3,0.458736506113696,0.0,EPHB1,Microglia,Oligodendrocytes,14
3066,AGT,0.2520989636610905,0.001,PLCB1,Microglia,Oligodendrocytes,14
3065,CXCL12,0.13026540519283283,0.079,PLCB1,Microglia,Oligodendrocytes,14
3990,AVP,0.5537946420523483,0.006,AVPR1A,Microglia,Neurons2,14
3989,OXT,0.4484455010436346,0.0,AVPR1A,Microglia,Neurons2,14
3991,VIP,0.43598744658524086,0.0,AVPR1A,Microglia,Neurons2,14
3988,CXCL12,0.4311418773462976,0.0,AVPR1A,Microglia,Neurons2,14
3888,SEMA3C,0.39111629461710273,0.0,NRP2,Microglia,Neurons2,14
3135,SEMA3C,0.12000808673785968,0.0,NRP1,Microglia,Neurons2,14
531,VCL,0.28140677353779936,0.0,PIK3CA,Oligodendrocytes,Ependymal,14
518,FGFR3,0.27255884800028846,0.0,PIK3CA,Oligodendrocytes,Ependymal,14
311,FGFR3,0.2134056985323865,0.0,STAT3,Oligodendrocytes,Ependymal,14
4056,AVP,0.21706466685970588,1.0,PTH1R,Oligodendrocytes,NG2,14
2670,AVP,0.1964662245342979,1.0,ADRB2,Oligodendrocytes,Endothelial,14
3258,AVP,0.22361610335277698,1.0,PLAU,Oligodendrocytes,Microglia,14
4002,AVP,0.14746756620082324,1.0,RAMP2,Oligodendrocytes,Microglia,14
485,VCL,0.6328834936430681,0.0,PRKCA,Oligodendrocytes,Neurons2,14
3990,AVP,0.517288284051094,0.0,AVPR1A,Oligodendrocytes,Neurons2,14
2837,FGFR3,0.10748388749460557,0.0,FGF9,Oligodendrocytes,Neurons2,14
504,PDGFA,1.0491099884350412,0.0,PIK3CA,Neurons2,Ependymal,14
303,PDGFA,0.9899568389671393,0.0,STAT3,Neurons2,Ependymal,14
1890,PDGFA,0.8346985028034696,0.0,VEGFA,Neurons2,Ependymal,14
1873,PDGFA,0.8334212857469894,0.0,FLT1,Neurons2,Ependymal,14
608,DUSP18,0.5399170976142592,0.0,ITGB1,Neurons2,Ependymal,14
530,FGF14,0.4435177612225683,0.0,PIK3CA,Neurons2,Ependymal,14
3967,NXPH1,0.4377984499702311,0.0,NRXN3,Neurons2,Ependymal,14
524,AGT,0.36271840024855284,0.0,PIK3CA,Neurons2,Ependymal,14
509,FGF9,0.3415073262702332,0.0,PIK3CA,Neurons2,Ependymal,14
499,TYK2,0.3073672617496968,0.0,PIK3CA,Neurons2,Ependymal,14
314,AGT,0.30356525078065094,0.0,STAT3,Neurons2,Ependymal,14
521,BDNF,0.3007678093731392,0.0,PIK3CA,Neurons2,Ependymal,14
518,FGFR3,0.2802117326599089,0.0,PIK3CA,Neurons2,Ependymal,14
296,TYK2,0.24821411228179488,0.0,STAT3,Neurons2,Ependymal,14
312,BDNF,0.24161465990523726,0.0,STAT3,Neurons2,Ependymal,14
311,FGFR3,0.22105858319200697,0.0,STAT3,Neurons2,Ependymal,14
3626,SHH,0.18162067923739755,0.0,GAS1,Neurons2,Ependymal,14
2815,TYK2,0.1422136684079576,0.0,STAT6,Neurons2,Ependymal,14
1298,TYK2,0.12359835195908442,0.0,EIF2AK2,Neurons2,Ependymal,14
1873,PDGFA,0.8247168624333417,0.0,FLT1,Neurons2,NG2,14
2113,APOE,0.79186499959255,0.0,LRP6,Neurons2,NG2,14
4275,APOE,0.7083629789688256,0.0,LRP8,Neurons2,NG2,14
4347,FGF14,0.3582496871132788,0.0,SCN1A,Neurons2,NG2,14
3430,TYK2,0.07777852994263272,0.0,GHR,Neurons2,NG2,14
451,PDGFA,1.105772881612491,0.0,PDGFRB,Neurons2,Endothelial,14
1564,PDGFA,0.8389458631083887,0.0,PDGFRA,Neurons2,Endothelial,14
3084,AGT,0.5133747250427777,0.998,SGK1,Neurons2,Endothelial,14
3640,TYK2,0.4627439107036032,0.0,PRKD2,Neurons2,Endothelial,14
1409,FGF14,0.273165022498712,0.0,FGFR3,Neurons2,Endothelial,14
1579,FGF14,0.23335363589591585,0.0,PDGFRA,Neurons2,Endothelial,14
4351,FGF14,0.21275557487195512,0.0,SCN3A,Neurons2,Endothelial,14
3326,AGT,0.17333012765208677,0.0,EDNRA,Neurons2,Endothelial,14
1403,FGF9,0.1711545875463769,0.0,FGFR3,Neurons2,Endothelial,14
1569,FGF9,0.13134320094358076,0.0,PDGFRA,Neurons2,Endothelial,14
3629,SHH,0.08720478894160612,0.0,GPC5,Neurons2,Endothelial,14
392,BDNF,0.0831273265513436,0.0,GRIA1,Neurons2,Endothelial,14
1873,PDGFA,0.8117230143576248,0.0,FLT1,Neurons2,Astrocytes,14
504,PDGFA,0.9776088261388068,0.0,PIK3CA,Neurons2,Microglia,14
1873,PDGFA,0.8735917691757838,0.0,FLT1,Neurons2,Microglia,14
4200,APOE,0.703548300535297,0.0,SCARB1,Neurons2,Microglia,14
2121,WNT3,0.16090048397762866,0.0,RYK,Neurons2,Microglia,14
3056,AGT,0.15729454271527102,0.0,MTOR,Neurons2,Microglia,14
3967,NXPH1,0.12702474591744897,0.015,NRXN3,Neurons2,Microglia,14
3084,AGT,1.6058744849911362,0.0,SGK1,Neurons2,Oligodendrocytes,14
3066,AGT,0.21073528722121823,0.0,PLCB1,Neurons2,Oligodendrocytes,14
1409,FGF14,0.20949432244694063,0.0,FGFR3,Neurons2,Oligodendrocytes,14
1403,FGF9,0.10748388749460557,0.0,FGFR3,Neurons2,Oligodendrocytes,14
1402,FGF7,0.40181398189984835,0.0,FGFR3,Ependymal,NG2,18
455,FGF7,0.840847718891142,0.0,PDGFRB,Ependymal,Endothelial,18
1402,FGF7,0.30510586723756017,0.0,FGFR3,Ependymal,Endothelial,18
3641,TYK2,0.23896954227312178,0.0,PRKD2,Ependymal,Endothelial,18
3948,CXCL12,0.5271798632002501,0.0,GNAQ,Ependymal,Astrocytes,18
1891,FGF7,0.2907204455012208,0.0,VEGFA,Ependymal,Microglia,18
3085,AGT,0.75450990272074,0.0,SGK1,Ependymal,Oligodendrocytes,18
1402,FGF7,0.26676636300324674,0.0,FGFR3,Ependymal,Oligodendrocytes,18
3067,AGT,0.2553759294892113,0.0,PLCB1,Ependymal,Oligodendrocytes,18
3066,CXCL12,0.18257693281668577,0.014,PLCB1,Ependymal,Oligodendrocytes,18
878,PTN,0.12038127821382733,1.0,SDC3,Ependymal,Oligodendrocytes,18
3144,ALCAM,0.5297846917653064,0.0,NRP1,Ependymal,Neurons2,18
2369,CXCL12,0.4403488365505212,0.0,PIK3R3,Ependymal,Neurons2,18
2364,TYK2,0.43421596612921637,0.0,PIK3R3,Ependymal,Neurons2,18
3895,SEMA3E,0.36289283718025794,0.0,NRP2,Ependymal,Neurons2,18
3886,VEGFA,0.34155165316938546,0.0,NRP2,Ependymal,Neurons2,18
3990,OXT,0.3248388312180511,0.0,AVPR1A,Ependymal,Neurons2,18
3131,FGF7,0.321763339186001,0.0,NRP1,Ependymal,Neurons2,18
3989,CXCL12,0.2729965014604969,0.001,AVPR1A,Ependymal,Neurons2,18
3992,VIP,0.2657116094948719,0.157,AVPR1A,Ependymal,Neurons2,18
2895,SLIT2,0.22796375201719604,0.0,CXCL12,Ependymal,Neurons2,18
504,PDGFA,0.37011542288811655,0.043,PIK3CA,NG2,Ependymal,18
3198,EGF,0.3207679116463923,0.0,CLK1,NG2,Ependymal,18
494,GHR,0.3180668044919933,0.0,PIK3CA,NG2,Ependymal,18
303,PDGFA,0.3078674437711527,0.334,STAT3,NG2,Ependymal,18
524,AGT,0.2972299044167166,0.0,PIK3CA,NG2,Ependymal,18
493,NRG1,0.2957240852549836,0.0,PIK3CA,NG2,Ependymal,18
887,EGF,0.2931689987470815,0.0,SLK,NG2,Ependymal,18
492,EGF,0.2887280210688874,0.0,PIK3CA,NG2,Ependymal,18
3187,EGF,0.25460225612252624,0.98,ROCK2,NG2,Ependymal,18
314,AGT,0.23498192529975276,0.0,STAT3,NG2,Ependymal,18
290,EGF,0.2264800419519236,0.0,STAT3,NG2,Ependymal,18
199,NRG1,0.04834027983330108,0.0,MAPK8,NG2,Ependymal,18
3187,EGF,1.0387709101041158,0.0,ROCK2,NG2,Endothelial,18
3085,AGT,0.7109972659452461,0.0,SGK1,NG2,Endothelial,18
1636,EGF,2.299809969739711,1.0,HSP90AB1,NG2,Astrocytes,18
3085,AGT,0.6867681890615094,0.0,SGK1,NG2,Oligodendrocytes,18
721,EGF,0.48950239080290553,0.0,BSG,NG2,Oligodendrocytes,18
3775,TGFB2,0.26784608720179154,0.0,PLAT,NG2,Oligodendrocytes,18
3067,AGT,0.18763421582998066,0.001,PLCB1,NG2,Oligodendrocytes,18
3187,EGF,0.5398433846103023,0.0,ROCK2,NG2,Neurons2,18
2363,NRG1,0.4439003004020831,0.0,PIK3R3,NG2,Neurons2,18
2362,EGF,0.4369042362159869,0.0,PIK3R3,NG2,Neurons2,18
3991,AVP,0.3688127880335401,0.0,AVPR1A,NG2,Neurons2,18
3990,OXT,0.2943507879019331,0.0,AVPR1A,NG2,Neurons2,18
537,LAMB1,0.4068425906681332,0.0,PIK3CA,Endothelial,Ependymal,18
524,AGT,0.35812762766174866,0.0,PIK3CA,Endothelial,Ependymal,18
518,FGFR3,0.32333436406155225,0.0,PIK3CA,Endothelial,Ependymal,18
314,AGT,0.2958796485447848,0.0,STAT3,Endothelial,Ependymal,18
507,FGF2,0.28991087921809805,0.0,PIK3CA,Endothelial,Ependymal,18
311,FGFR3,0.26108638494458847,0.0,STAT3,Endothelial,Ependymal,18
306,FGF2,0.22766290010113419,0.0,STAT3,Endothelial,Ependymal,18
2903,VTN,2.500932208142758,0.157,HSP90AA1,Endothelial,Astrocytes,18
3085,AGT,0.7476659123065414,0.0,SGK1,Endothelial,Oligodendrocytes,18
1247,EFNB2,0.4546839023049153,0.0,EPHB1,Endothelial,Oligodendrocytes,18
3067,AGT,0.2485319390750127,0.0,PLCB1,Endothelial,Oligodendrocytes,18
876,FGF2,0.05710283249228139,0.0,SDC3,Endothelial,Oligodendrocytes,18
2365,HBEGF,1.0450897595964548,0.0,PIK3R3,Endothelial,Neurons2,18
483,VEGFC,0.5249902641288919,0.0,PRKCA,Endothelial,Neurons2,18
3887,VEGFC,0.38514397532673694,0.0,NRP2,Endothelial,Neurons2,18
3990,OXT,0.2863368100152151,0.0,AVPR1A,Endothelial,Neurons2,18
3875,NRTN,0.12802297739952112,0.0,GFRA2,Endothelial,Neurons2,18
4057,AVP,0.511718489159929,0.0,PTH1R,Astrocytes,NG2,18
2670,AVP,0.5098419249574437,0.0,ADRB2,Astrocytes,Endothelial,18
3259,AVP,1.0110364973660364,0.0,PLAU,Astrocytes,Microglia,18
4003,AVP,0.4894111736369548,0.0,RAMP2,Astrocytes,Microglia,18
3991,AVP,0.6937984783786956,0.0,AVPR1A,Astrocytes,Neurons2,18
523,CXCL12,0.3146714813166208,0.012,PIK3CA,Microglia,Ependymal,18
313,CXCL12,0.252423502199657,0.042,STAT3,Microglia,Ependymal,18
2902,KDR,1.4208111625806044,1.0,HSP90AA1,Microglia,Astrocytes,18
3948,CXCL12,0.5496787231134492,0.0,GNAQ,Microglia,Astrocytes,18
3066,CXCL12,0.20507579272988485,0.13,PLCB1,Microglia,Oligodendrocytes,18
2365,HBEGF,0.6147308542805205,0.096,PIK3R3,Microglia,Neurons2,18
2367,KDR,0.5011760514726259,0.0,PIK3R3,Microglia,Neurons2,18
2369,CXCL12,0.4628476964637203,0.008,PIK3R3,Microglia,Neurons2,18
3886,VEGFA,0.3593069258531874,0.0,NRP2,Microglia,Neurons2,18
3989,CXCL12,0.29549536137369603,0.062,AVPR1A,Microglia,Neurons2,18
531,VCL,0.304651402453412,0.0,PIK3CA,Oligodendrocytes,Ependymal,18
518,FGFR3,0.2849948598272388,0.0,PIK3CA,Oligodendrocytes,Ependymal,18
311,FGFR3,0.22274688071027499,0.0,STAT3,Oligodendrocytes,Ependymal,18
4057,AVP,0.23069199578056124,0.0,PTH1R,Oligodendrocytes,NG2,18
2670,AVP,0.228815431578076,0.0,ADRB2,Oligodendrocytes,Endothelial,18
4003,AVP,0.20838468025758705,0.0,RAMP2,Oligodendrocytes,Microglia,18
485,VCL,0.4948556747835415,0.0,PRKCA,Oligodendrocytes,Neurons2,18
3991,AVP,0.4127719849993278,0.0,AVPR1A,Oligodendrocytes,Neurons2,18
504,PDGFA,0.8556507368699746,0.0,PIK3CA,Neurons2,Ependymal,18
303,PDGFA,0.7934027577530107,0.0,STAT3,Neurons2,Ependymal,18
501,HBEGF,0.7791735003885613,0.0,PIK3CA,Neurons2,Ependymal,18
1873,PDGFA,0.618199115733152,0.0,FLT1,Neurons2,Ependymal,18
1890,PDGFA,0.6132557855238182,0.0,VEGFA,Neurons2,Ependymal,18
3771,HBEGF,0.5314482114420113,0.0,MOG,Neurons2,Ependymal,18
523,CXCL12,0.45931990088108277,0.0,PIK3CA,Neurons2,Ependymal,18
530,FGF14,0.42291249101391504,0.0,PIK3CA,Neurons2,Ependymal,18
313,CXCL12,0.397071921764119,0.0,STAT3,Neurons2,Ependymal,18
524,AGT,0.34925672179638084,0.0,PIK3CA,Neurons2,Ependymal,18
521,BDNF,0.3398795516218194,0.0,PIK3CA,Neurons2,Ependymal,18
499,TYK2,0.3039212160999725,0.0,PIK3CA,Neurons2,Ependymal,18
509,FGF9,0.30320692990723397,0.0,PIK3CA,Neurons2,Ependymal,18
314,AGT,0.287008742679417,0.0,STAT3,Neurons2,Ependymal,18
312,BDNF,0.2776315725048555,0.0,STAT3,Neurons2,Ependymal,18
2925,CXCL12,0.2656792867684279,0.0,ADRA2A,Neurons2,Ependymal,18
296,TYK2,0.24167323698300866,0.0,STAT3,Neurons2,Ependymal,18
3627,SHH,0.18060848137095883,0.0,GAS1,Neurons2,Ependymal,18
2928,AGT,0.1556161076837259,0.0,ADRA2A,Neurons2,Ependymal,18
1298,TYK2,0.10780900680348399,0.0,EIF2AK2,Neurons2,Ependymal,18
208,BDNF,0.09249574620013681,0.0,MAPK8,Neurons2,Ependymal,18
2816,TYK2,0.08467429872644101,0.0,STAT6,Neurons2,Ependymal,18
4276,APOE,0.7937158280937868,0.0,LRP8,Neurons2,NG2,18
2113,APOE,0.7776234915185967,0.0,LRP6,Neurons2,NG2,18
4419,APOE,0.7378867918579776,0.0,TREM2,Neurons2,NG2,18
1873,PDGFA,0.6219425871949267,0.0,FLT1,Neurons2,NG2,18
2067,CXCL12,0.22117852342855382,0.0,CX3CR1,Neurons2,NG2,18
451,PDGFA,1.1811383315975412,0.0,PDGFRB,Neurons2,Endothelial,18
3085,AGT,0.7630240833249103,0.0,SGK1,Neurons2,Endothelial,18
3327,AGT,0.2816233425895856,0.0,EDNRA,Neurons2,Endothelial,18
3641,TYK2,0.2568510073909774,0.0,PRKD2,Neurons2,Endothelial,18
3449,CXCL12,0.23445670005118002,0.0,GNAI1,Neurons2,Endothelial,18
2978,CXCL12,0.22920082796640937,0.0,GRM7,Neurons2,Endothelial,18
2067,CXCL12,0.2195329244135887,0.0,CX3CR1,Neurons2,Endothelial,18
4352,FGF14,0.17068018907762764,0.967,SCN3A,Neurons2,Endothelial,18
2981,AGT,0.1191376488817074,0.0,GRM7,Neurons2,Endothelial,18
3948,CXCL12,0.6943271426779112,0.0,GNAQ,Neurons2,Astrocytes,18
3949,FZD8,0.5330315679066752,0.0,GNAQ,Neurons2,Astrocytes,18
1873,PDGFA,0.731667475490765,0.0,FLT1,Neurons2,Microglia,18
504,PDGFA,0.7297263554080832,0.0,PIK3CA,Neurons2,Microglia,18
954,PDGFA,0.6750619522079336,0.0,KDR,Neurons2,Microglia,18
1890,PDGFA,0.6310110582076202,0.0,VEGFA,Neurons2,Microglia,18
1001,CXCL12,0.3304952224276697,0.0,RAF1,Neurons2,Microglia,18
3085,AGT,0.7387950064411736,0.0,SGK1,Neurons2,Oligodendrocytes,18
3066,CXCL12,0.34972421229434686,0.0,PLCB1,Neurons2,Oligodendrocytes,18
3067,AGT,0.23966103320964488,0.0,PLCB1,Neurons2,Oligodendrocytes,18
3920,ALCAM,0.43636236000938466,0.0,CHL1,Ependymal,NG2,22
1402,FGF7,0.3416436542134398,0.0,FGFR3,Ependymal,NG2,22
3096,FGF7,1.0959317891548077,0.0,NRP1,Ependymal,Endothelial,22
455,FGF7,0.6301306235293547,0.0,PDGFRB,Ependymal,Endothelial,22
462,VEGFA,0.4436871267855167,0.0,PDGFRB,Ependymal,Endothelial,22
1402,FGF7,0.25070533591012156,0.0,FGFR3,Ependymal,Endothelial,22
981,PTN,0.19877265132963656,0.528,PTPRZ1,Ependymal,Endothelial,22
501,HBEGF,0.7214928590548118,0.0,PIK3CA,Ependymal,Astrocytes,22
508,FGF7,0.39444006192605485,0.0,PIK3CA,Ependymal,Astrocytes,22
1384,HBEGF,0.8595073093923757,0.0,PIK3CD,Ependymal,Microglia,22
1370,HBEGF,0.6481488611478851,0.0,PIK3CB,Ependymal,Microglia,22
501,HBEGF,0.5846531846753832,0.001,PIK3CA,Ependymal,Microglia,22
3221,FGF7,0.5355611828231961,0.0,PLAU,Ependymal,Microglia,22
1568,FGF7,0.25781191430939066,0.0,PDGFRA,Ependymal,Microglia,22
508,FGF7,0.2576003875466263,0.0,PIK3CA,Ependymal,Microglia,22
3032,AGT,0.25939931245077225,0.0,PLCB1,Ependymal,Oligodendrocytes,22
1402,FGF7,0.25121352559590077,0.0,FGFR3,Ependymal,Oligodendrocytes,22
878,PTN,0.2009547950010815,0.427,SDC3,Ependymal,Oligodendrocytes,22
3842,PTN,0.13851401570897837,0.938,PTPRB,Ependymal,Oligodendrocytes,22
3031,CXCL12,0.13823032425273032,0.17,PLCB1,Ependymal,Oligodendrocytes,22
2365,HBEGF,1.1416499632305093,0.0,PIK3R3,Ependymal,Neurons2,22
2369,CXCL12,0.6202934670156425,0.0,PIK3R3,Ependymal,Neurons2,22
3940,CXCL12,0.4388471536491949,0.0,ROCK1,Ependymal,Neurons2,22
3109,ALCAM,0.41183349141447817,0.0,NRP1,Ependymal,Neurons2,22
2860,SLIT2,0.34870578490095244,0.0,CXCL12,Ependymal,Neurons2,22
3875,SEMA3E,0.34803864593870454,0.0,NRP2,Ependymal,Neurons2,22
3866,VEGFA,0.31810143327282875,0.0,NRP2,Ependymal,Neurons2,22
3096,FGF7,0.3099007283545442,0.0,NRP1,Ependymal,Neurons2,22
1402,FGF7,0.2477307738973103,0.0,FGFR3,Ependymal,Neurons2,22
981,PTN,0.2019714073652459,0.478,PTPRZ1,Ependymal,Neurons2,22
3107,SEMA3E,0.15339444427658194,0.008,NRP1,Ependymal,Neurons2,22
3961,PTN,0.15320270696712524,0.966,CDH10,Ependymal,Neurons2,22
3099,VEGFA,0.12345723161070618,0.262,NRP1,Ependymal,Neurons2,22
1614,VEGFA,0.06155288110381549,0.0,NOS3,Ependymal,Neurons2,22
1247,EFNB2,0.5204915863149516,0.0,EPHB1,NG2,Oligodendrocytes,22
3755,TGFB2,0.3514914680328794,0.0,PLAT,NG2,Oligodendrocytes,22
3032,AGT,0.19338891311402998,0.0,PLCB1,NG2,Oligodendrocytes,22
3031,CXCL12,0.13644851789919396,0.192,PLCB1,NG2,Oligodendrocytes,22
3709,BMP2,0.11033061597032108,0.0,BMPR1A,NG2,Oligodendrocytes,22
2365,HBEGF,0.874908080773012,0.0,PIK3R3,NG2,Neurons2,22
2363,NRG1,0.6382342034490674,0.0,PIK3R3,NG2,Neurons2,22
2369,CXCL12,0.6185116606621062,0.0,PIK3R3,NG2,Neurons2,22
3940,CXCL12,0.4370653472956586,0.0,ROCK1,NG2,Neurons2,22
3834,EFNB2,0.19470135723816506,0.0,GRM5,NG2,Neurons2,22
3750,HHIP,0.09699498728097805,0.0,SHH,NG2,Neurons2,22
3709,BMP2,0.09641600935829323,0.0,BMPR1A,NG2,Neurons2,22
1399,BMP2,0.05699845358368316,0.017,FGFR3,NG2,Neurons2,22
501,HBEGF,0.7913742678860822,0.0,PIK3CA,Endothelial,Ependymal,22
3751,HBEGF,0.6584611910084883,0.0,MOG,Endothelial,Ependymal,22
2913,PF4,0.18821863929430643,0.0,ADRA2A,Endothelial,Ependymal,22
1087,LAMB1,0.10774517978231112,0.0,ITGA6,Endothelial,Ependymal,22
2423,PF4,0.1181326165946607,0.0,MAP2K3,Endothelial,NG2,22
2868,VTN,2.16777212977311,0.161,HSP90AA1,Endothelial,Astrocytes,22
501,HBEGF,0.6668497250608678,0.0,PIK3CA,Endothelial,Microglia,22
2868,VTN,3.756351177514473,0.0,HSP90AA1,Endothelial,Oligodendrocytes,22
1247,EFNB2,0.6063145390087432,0.0,EPHB1,Endothelial,Oligodendrocytes,22
3032,AGT,0.1981089551888761,0.0,PLCB1,Endothelial,Oligodendrocytes,22
2365,HBEGF,1.2238465036159938,0.0,PIK3R3,Endothelial,Neurons2,22
393,NTS,0.44623978124144154,0.0,GRIA1,Endothelial,Neurons2,22
3867,VEGFC,0.40123389398621534,0.0,NRP2,Endothelial,Neurons2,22
2861,DPP4,0.3341826727479389,0.0,CXCL12,Endothelial,Neurons2,22
2594,WNT5A,0.3155010780338774,0.0,NLK,Endothelial,Neurons2,22
2116,DKK2,0.1911126996515338,0.0,LRP6,Endothelial,Neurons2,22
1615,VEGFC,0.14468534181720202,0.0,NOS3,Endothelial,Neurons2,22
4213,NTS,0.08241294043273041,0.009,NTSR2,Endothelial,Neurons2,22
2364,TYK2,0.597719634644401,0.0,PIK3R3,Astrocytes,Neurons2,22
3753,LIFR,0.13482489239119883,0.298,NEGR1,Microglia,Ependymal,22
2365,HBEGF,0.9838587394880196,0.0,PIK3R3,Microglia,Neurons2,22
3753,LIFR,0.3692788390606856,0.0,NEGR1,Microglia,Neurons2,22
807,SPARC,0.8535298636841776,0.0,ERBB3,Oligodendrocytes,NG2,22
4037,AVP,0.18897531087577496,0.0,PTH1R,Oligodendrocytes,NG2,22
2635,AVP,0.21552650770206594,0.0,ADRB2,Oligodendrocytes,Endothelial,22
3224,AVP,0.47211693687539147,0.0,PLAU,Oligodendrocytes,Microglia,22
3983,AVP,0.19217197270043712,0.0,RAMP2,Oligodendrocytes,Microglia,22
501,HBEGF,0.796326629067307,0.0,PIK3CA,Neurons2,Ependymal,22
3751,HBEGF,0.6634135521897131,0.0,MOG,Neurons2,Ependymal,22
1232,EFNB3,0.47400456145405767,0.0,PAK1,Neurons2,Ependymal,22
523,CXCL12,0.4416561708340735,0.0,PIK3CA,Neurons2,Ependymal,22
2890,CXCL12,0.40083856662012046,0.0,ADRA2A,Neurons2,Ependymal,22
313,CXCL12,0.3402214949816158,0.0,STAT3,Neurons2,Ependymal,22
2900,PENK,0.30740432830917874,0.0,ADRA2A,Neurons2,Ependymal,22
2893,AGT,0.19723703412153465,0.0,ADRA2A,Neurons2,Ependymal,22
3606,SHH,0.1919947524558228,0.0,GAS1,Neurons2,Ependymal,22
1298,TYK2,0.13522826211712613,0.0,EIF2AK2,Neurons2,Ependymal,22
213,DUSP18,0.12536519544384733,0.0,MAPK8,Neurons2,Ependymal,22
872,AGT,0.10544825591582202,0.0,PRKCD,Neurons2,Ependymal,22
2781,TYK2,0.10457238308650113,0.0,STAT6,Neurons2,Ependymal,22
869,SHH,0.09254999058353122,0.0,PRKCD,Neurons2,Ependymal,22
347,EFNB3,0.5411423578480173,0.0,EPHA4,Neurons2,NG2,22
3827,EFNB3,0.5351643892714215,0.0,EPHB3,Neurons2,NG2,22
1245,EFNB3,0.5046177298284424,0.0,EPHB1,Neurons2,NG2,22
807,SPARC,0.46186320137469794,0.229,ERBB3,Neurons2,NG2,22
3414,CXCL12,0.41040900539170316,0.0,GNAI1,Neurons2,NG2,22
23,CXCL12,0.37142062543157045,0.0,JAK2,Neurons2,NG2,22
2067,CXCL12,0.3014837024674647,0.0,CX3CR1,Neurons2,NG2,22
4330,FGF14,0.2705409111510741,0.0,SCN1A,Neurons2,NG2,22
1409,FGF14,0.2577231437827187,0.0,FGFR3,Neurons2,NG2,22
3605,SHH,0.09699498728097805,0.0,HHIP,Neurons2,NG2,22
467,FGF14,0.5462101130986337,0.0,PDGFRB,Neurons2,Endothelial,22
1232,EFNB3,0.5064039021730423,0.0,PAK1,Neurons2,Endothelial,22
471,NRP1,0.5032255026098993,0.0,PDGFRB,Neurons2,Endothelial,22
469,MFGE8,0.45509070866962065,0.0,PDGFRB,Neurons2,Endothelial,22
456,FGF9,0.4393868761809216,0.0,PDGFRB,Neurons2,Endothelial,22
2971,CXCL12,0.3341826727479389,0.0,DPP4,Neurons2,Endothelial,22
3414,CXCL12,0.3333453489333084,0.0,GNAI1,Neurons2,Endothelial,22
1409,FGF14,0.16678482547940052,0.0,FGFR3,Neurons2,Endothelial,22
4334,FGF14,0.15858762294591702,0.02,SCN3A,Neurons2,Endothelial,22
3292,AGT,0.138861512868982,0.0,EDNRA,Neurons2,Endothelial,22
501,HBEGF,0.8086417606215212,0.0,PIK3CA,Neurons2,Astrocytes,22
523,CXCL12,0.4539713023882876,0.0,PIK3CA,Neurons2,Astrocytes,22
1384,HBEGF,0.9466562109590853,0.0,PIK3CD,Neurons2,Microglia,22
1370,HBEGF,0.7352977627145945,0.0,PIK3CB,Neurons2,Microglia,22
501,HBEGF,0.6718020862420926,0.0,PIK3CA,Neurons2,Microglia,22
2354,EFNB3,0.5239679754904981,0.0,KRAS,Neurons2,Microglia,22
1375,CXCL12,0.3806273044813609,0.0,PIK3CB,Neurons2,Microglia,22
1986,CXCL12,0.35849779354786276,0.0,CCR1,Neurons2,Microglia,22
1001,CXCL12,0.3545921081050642,0.0,RAF1,Neurons2,Microglia,22
523,CXCL12,0.31713162800885897,0.0,PIK3CA,Neurons2,Microglia,22
4247,RPH3A,0.29396995637370926,0.0,NRXN1,Neurons2,Microglia,22
1579,FGF14,0.1738914038786696,0.0,PDGFRA,Neurons2,Microglia,22
530,FGF14,0.17367987711590518,0.02,PIK3CA,Neurons2,Microglia,22
1245,EFNB3,0.9506609862977331,0.0,EPHB1,Neurons2,Oligodendrocytes,22
3031,CXCL12,0.3920652638010728,0.0,PLCB1,Neurons2,Oligodendrocytes,22
3032,AGT,0.188463731302487,0.0,PLCB1,Neurons2,Oligodendrocytes,22
1409,FGF14,0.1672930151651797,0.0,FGFR3,Neurons2,Oligodendrocytes,22
